{
    "metrics": {
        "r2": 0.5816628763541574,
        "mae": 1080958.0282874617,
        "rmse": 1454136.9874011143
    },
    "feature_importance": {
        "area": 0.5014308011247796,
        "bedrooms": 0.054705902597115094,
        "bathrooms": 0.15559796292386655,
        "stories": 0.06328092342498665,
        "mainroad": 0.014320460139945163,
        "guestroom": 0.018656390488853553,
        "basement": 0.04069205719347192,
        "hotwaterheating": 0.0198037701941527,
        "airconditioning": 0.06746781686147177,
        "parking": 0.0640439150513571
    }
}